SubcID,IsRoad,Area,Width,Mode,DisPointID,Partition
1,0,5.2,2.3,1,321,21
2,0,3.4,1.9,1,444,21
3,0,6.0,2.5,1,202,21
4,0,2.7,1.7,1,202,21
5,0,10.3,3.2,1,472,9
6,0,6.2,2.5,1,200,9
7,0,6.2,2.5,1,205,9
8,0,44.5,6.7,1,6,12
9,0,38.0,6.2,1,1,17
10,0,16.6,4.1,1,440,21
11,0,4.9,2.2,1,210,9
12,0,3.8,2.0,1,210,9
13,0,12.4,3.5,1,318,21
14,0,7.5,2.7,1,307,21
15,0,3.3,1.8,1,307,21
16,0,9.8,3.1,1,307,21
17,0,24.8,5.0,1,445,21
18,0,3.1,1.8,1,210,9
19,0,5.5,2.4,1,206,9
20,0,5.6,2.4,1,209,9
21,0,5.4,2.3,1,203,21
22,0,1.8,1.3,1,493,9
23,0,3.3,1.8,1,480,9
24,0,15.7,4.0,1,210,9
25,0,11.5,3.4,1,436,21
26,0,2.8,1.7,1,210,9
27,0,3.9,2.0,1,206,9
28,0,3.5,1.9,1,210,9
29,0,3.9,2.0,1,206,9
30,0,4.0,2.0,1,209,9
31,0,3.0,1.7,1,318,21
32,0,4.5,2.1,1,307,21
33,0,1.4,1.2,1,307,21
34,0,5.7,2.4,1,319,21
35,0,3.3,1.8,1,320,21
36,0,18.9,4.3,1,321,21
37,0,7.5,2.7,1,444,21
38,0,9.3,3.1,1,254,21
39,0,26.2,5.1,1,442,21
40,0,3.4,1.9,1,1,17
41,0,5.0,2.2,1,408,17
42,0,12.2,3.5,1,2,20
43,0,11.0,3.3,1,7,20
44,0,19.2,4.4,1,4,20
45,0,13.8,3.7,1,417,20
46,0,6.5,2.5,1,10,20
47,0,12.5,3.5,1,10,20
48,0,3.5,1.9,1,421,20
49,0,10.2,3.2,1,421,20
50,0,18.6,4.3,1,410,14
51,0,6.9,2.6,1,8,4
52,0,4.5,2.1,1,417,20
53,0,6.2,2.5,1,254,21
54,0,7.0,2.7,1,273,21
55,0,3.4,1.8,1,274,21
56,0,4.0,2.0,1,270,21
57,0,1.6,1.3,1,270,21
58,0,5.7,2.4,1,307,21
59,0,4.5,2.1,1,275,21
60,0,26.0,5.1,1,207,9
61,0,3.8,1.9,1,275,21
62,0,3.3,1.8,1,276,21
63,0,2.3,1.5,1,272,21
64,0,3.5,1.9,1,272,21
65,0,2.0,1.4,1,206,9
66,0,3.7,1.9,1,206,9
67,0,3.7,1.9,1,209,9
68,0,1.6,1.3,1,209,9
69,0,2.6,1.6,1,474,9
70,0,2.0,1.4,1,474,9
71,0,1.6,1.3,1,482,9
72,0,1.7,1.3,1,480,9
73,0,1.7,1.3,1,480,9
74,0,3.8,1.9,1,71,20
75,0,3.7,1.9,1,208,21
76,0,3.8,2.0,1,210,9
77,0,6.1,2.5,1,109,20
78,0,2.8,1.7,1,12,4
79,0,5.6,2.4,1,12,4
80,0,4.2,2.0,1,111,17
81,0,4.9,2.2,1,111,17
82,0,4.1,2.0,1,22,17
83,0,2.0,1.4,1,22,17
84,0,6.0,2.5,1,22,17
85,0,7.4,2.7,1,50,20
86,0,8.2,2.9,1,37,20
87,0,4.9,2.2,1,71,20
88,0,5.2,2.3,1,219,20
89,0,3.7,1.9,1,219,20
90,0,5.3,2.3,1,253,20
91,0,3.4,1.8,1,466,10
92,0,3.4,1.8,1,353,9
93,0,1.5,1.2,1,353,9
94,0,1.8,1.3,1,354,9
95,0,2.7,1.6,1,494,9
96,0,19.1,4.4,1,8,4
97,0,3.0,1.7,1,210,9
98,0,1.5,1.2,1,356,9
99,0,1.6,1.2,1,356,9
100,0,1.5,1.2,1,355,3
101,0,12.1,3.5,1,355,3
102,0,2.9,1.7,1,207,9
103,0,3.0,1.7,1,254,21
104,0,3.5,1.9,1,254,21
105,0,3.5,1.9,1,274,21
106,0,4.0,2.0,1,270,21
107,0,3.1,1.8,1,273,21
108,0,1.7,1.3,1,270,21
109,0,4.7,2.2,1,275,21
110,0,9.1,3.0,1,410,14
111,0,1.8,1.3,1,213,14
112,0,11.9,3.5,1,37,20
113,0,2.9,1.7,1,466,10
114,0,8.7,2.9,1,213,14
115,0,16.5,4.1,1,241,20
116,0,5.3,2.3,1,237,20
117,0,7.0,2.7,1,237,20
118,0,7.0,2.6,1,226,20
119,0,15.5,3.9,1,376,21
120,0,1.7,1.3,1,246,21
121,0,6.7,2.6,1,249,21
122,0,3.4,1.8,1,250,21
123,0,3.7,1.9,1,247,16
124,0,1.7,1.3,1,247,16
125,0,6.0,2.4,1,247,16
126,0,4.6,2.1,1,248,21
127,0,4.0,2.0,1,275,21
128,0,5.1,2.3,1,284,9
129,0,6.4,2.5,1,284,9
130,0,0.7,0.8,1,466,10
131,0,5.0,2.2,1,269,10
132,0,6.7,2.6,1,210,9
133,0,0.9,0.9,1,467,9
134,0,1.2,1.1,1,281,9
135,0,1.1,1.0,1,467,9
136,0,1.4,1.2,1,279,9
137,0,1.2,1.1,1,281,9
138,0,1.6,1.2,1,285,9
139,0,2.0,1.4,1,354,9
140,0,1.2,1.1,1,356,9
141,0,1.2,1.1,1,288,3
142,0,3.9,2.0,1,299,3
143,0,15.1,3.9,1,392,4
144,0,9.4,3.1,1,272,21
145,0,6.3,2.5,1,272,21
146,0,1.8,1.4,1,299,3
147,0,3.1,1.8,1,411,14
148,0,3.5,1.9,1,111,17
149,0,4.3,2.1,1,172,17
150,0,2.3,1.5,1,22,17
151,0,6.7,2.6,1,22,17
152,0,3.7,1.9,1,22,17
153,0,8.1,2.8,1,50,20
154,0,9.0,3.0,1,37,20
155,0,14.8,3.8,1,292,21
156,0,1.5,1.2,1,466,10
157,0,2.1,1.4,1,269,10
158,0,1.3,1.2,1,269,10
159,0,0.9,0.9,1,284,9
160,0,1.1,1.1,1,284,9
161,0,3.4,1.8,1,284,9
162,0,2.0,1.4,1,356,9
163,0,1.2,1.1,1,279,9
164,0,1.5,1.2,1,279,9
165,0,1.0,1.0,1,467,9
166,0,1.3,1.1,1,279,9
167,0,1.3,1.1,1,281,9
168,0,1.6,1.3,1,354,9
169,0,1.7,1.3,1,354,9
170,0,3.9,2.0,1,267,14
171,0,9.9,3.1,1,252,21
172,0,1.2,1.1,1,289,9
173,0,1.5,1.2,1,288,3
174,0,5.8,2.4,1,399,12
175,0,7.9,2.8,1,19,4
176,0,1.8,1.4,1,172,17
177,0,5.8,2.4,1,267,14
178,0,4.3,2.1,1,213,14
179,0,7.2,2.7,1,19,4
180,0,1.8,1.3,1,21,17
181,0,4.9,2.2,1,102,17
182,0,6.7,2.6,1,49,20
183,0,32.9,5.7,1,399,12
184,0,6.8,2.6,1,36,20
185,0,9.0,3.0,1,71,20
186,0,9.7,3.1,1,219,20
187,0,6.3,2.5,1,218,20
188,0,9.7,3.1,1,253,20
189,0,2.9,1.7,1,241,20
190,0,2.5,1.6,1,236,20
191,0,3.3,1.8,1,236,20
192,0,3.2,1.8,1,225,16
193,0,1.1,1.0,1,284,9
194,0,3.2,1.8,1,284,9
195,0,1.5,1.2,1,284,9
196,0,2.5,1.6,1,279,9
197,0,0.9,0.9,1,279,9
198,0,1.2,1.1,1,279,9
199,0,1.2,1.1,1,281,9
200,0,1.5,1.2,1,285,9
201,0,1.4,1.2,1,294,9
202,0,1.2,1.1,1,289,9
203,0,7.2,2.7,1,392,4
204,0,1.3,1.2,1,370,3
205,0,1.3,1.1,1,288,3
206,0,5.0,2.2,1,411,14
207,0,8.0,2.8,1,248,21
208,0,2.5,1.6,1,251,21
209,0,8.4,2.9,1,335,10
210,0,5.7,2.4,1,317,10
211,0,5.0,2.2,1,172,17
212,0,5.4,2.3,1,269,10
213,0,7.7,2.8,1,252,21
214,0,0.9,0.9,1,279,9
215,0,1.2,1.1,1,366,9
216,0,1.3,1.1,1,370,3
217,0,5.1,2.3,1,123,4
218,0,1.3,1.1,1,359,9
219,0,1.6,1.3,1,285,9
220,0,1.3,1.1,1,487,3
221,0,2.9,1.7,1,284,9
222,0,6.7,2.6,1,21,17
223,0,2.3,1.5,1,285,9
224,0,7.9,2.8,1,168,4
225,0,3.0,1.7,1,19,4
226,0,6.2,2.5,1,172,17
227,0,7.3,2.7,1,267,14
228,0,1.8,1.3,1,370,3
229,0,4.8,2.2,1,423,20
230,0,4.9,2.2,1,218,20
231,0,3.8,2.0,1,218,20
232,0,3.0,1.7,1,240,20
233,0,4.2,2.1,1,218,20
234,0,3.7,1.9,1,240,20
235,0,3.5,1.9,1,236,20
236,0,3.6,1.9,1,236,20
237,0,4.9,2.2,1,294,9
238,0,3.5,1.9,1,225,16
239,0,3.1,1.8,1,82,16
240,0,5.6,2.4,1,82,16
241,0,14.4,3.8,1,426,16
242,0,6.0,2.4,1,89,16
243,0,8.7,3.0,1,335,10
244,0,8.1,2.8,1,296,14
245,0,7.5,2.7,1,430,14
246,0,6.6,2.6,1,430,14
247,0,1.3,1.1,1,487,3
248,0,8.7,2.9,1,412,14
249,0,9.8,3.1,1,412,14
250,0,7.9,2.8,1,359,9
251,0,1.0,1.0,1,359,9
252,0,1.3,1.1,1,366,9
253,0,1.4,1.2,1,366,9
254,0,1.7,1.3,1,369,3
255,0,2.6,1.6,1,369,3
256,0,9.4,3.1,1,284,9
257,0,7.6,2.8,1,405,17
258,0,7.1,2.7,1,123,4
259,0,3.5,1.9,1,13,4
260,0,2.7,1.6,1,13,4
261,0,6.9,2.6,1,23,17
262,0,6.3,2.5,1,103,4
263,0,9.3,3.0,1,21,17
264,0,13.3,3.7,1,49,20
265,0,15.1,3.9,1,402,7
266,0,4.3,2.1,1,62,5
267,0,2.9,1.7,1,78,20
268,0,3.7,1.9,1,422,5
269,0,3.3,1.8,1,422,5
270,0,5.5,2.3,1,81,20
271,0,2.8,1.7,1,81,20
272,0,2.4,1.5,1,80,20
273,0,3.3,1.8,1,80,20
274,0,3.1,1.8,1,79,16
275,0,4.5,2.1,1,82,16
276,0,3.7,1.9,1,425,16
277,0,17.7,4.2,1,423,20
278,0,2.2,1.5,1,425,16
279,0,4.0,2.0,1,426,16
280,0,4.8,2.2,1,89,16
281,0,15.3,3.9,1,90,16
282,0,20.0,4.5,1,92,16
283,0,2.5,1.6,1,93,10
284,0,4.8,2.2,1,335,10
285,0,6.5,2.6,1,317,10
286,0,3.2,1.8,1,96,9
287,0,15.3,3.9,1,88,10
288,0,3.8,2.0,1,96,9
289,0,2.7,1.6,1,85,10
290,0,2.5,1.6,1,94,9
291,0,1.6,1.3,1,97,3
292,0,1.2,1.1,1,97,3
293,0,1.5,1.2,1,101,3
294,0,3.3,1.8,1,98,3
295,0,3.6,1.9,1,98,3
296,0,4.1,2.0,1,435,3
297,0,4.1,2.0,1,435,3
298,0,4.9,2.2,1,86,14
299,0,3.8,1.9,1,412,14
300,0,2.8,1.7,1,62,5
301,0,4.6,2.1,1,78,20
302,0,27.3,5.2,1,412,14
303,0,45.9,6.8,1,393,4
304,0,10.4,3.2,1,82,16
305,0,3.3,1.8,1,82,16
306,0,6.5,2.5,1,89,16
307,0,10.1,3.2,1,89,16
308,0,26.8,5.2,1,429,19
309,0,2.7,1.6,1,86,14
310,0,6.8,2.6,1,167,17
311,0,8.5,2.9,1,29,17
312,0,1.4,1.2,1,82,16
313,0,1.9,1.4,1,451,16
314,0,3.8,1.9,1,83,16
315,0,2.1,1.4,1,425,16
316,0,2.3,1.5,1,426,16
317,0,4.2,2.0,1,426,16
318,0,2.1,1.4,1,453,16
319,0,1.6,1.3,1,89,16
320,0,3.1,1.8,1,221,5
321,0,3.3,1.8,1,422,5
322,0,1.2,1.1,1,447,16
323,0,1.7,1.3,1,451,16
324,0,1.2,1.1,1,451,16
325,0,6.4,2.5,1,492,10
326,0,9.7,3.1,1,13,4
327,0,9.9,3.2,1,167,17
328,0,2.8,1.7,1,245,5
329,0,2.6,1.6,1,243,5
330,0,3.0,1.7,1,81,20
331,0,2.6,1.6,1,239,20
332,0,1.7,1.3,1,451,16
333,0,1.9,1.4,1,259,16
334,0,2.0,1.4,1,263,16
335,0,1.4,1.2,1,263,16
336,0,1.8,1.3,1,453,16
337,0,1.4,1.2,1,308,16
338,0,2.2,1.5,1,94,9
339,0,1.9,1.4,1,453,16
340,0,6.3,2.5,1,322,16
341,0,2.3,1.5,1,322,16
342,0,7.0,2.6,1,455,16
343,0,3.3,1.8,1,315,10
344,0,2.9,1.7,1,331,10
345,0,2.5,1.6,1,331,10
346,0,3.3,1.8,1,88,10
347,0,4.4,2.1,1,367,10
348,0,3.3,1.8,1,96,9
349,0,3.0,1.7,1,367,10
350,0,3.5,1.9,1,293,10
351,0,4.0,2.0,1,365,9
352,0,2.0,1.4,1,365,9
353,0,2.6,1.6,1,368,3
354,0,1.6,1.3,1,97,3
355,0,2.2,1.5,1,489,3
356,0,2.9,1.7,1,62,5
357,0,5.3,2.3,1,62,5
358,0,5.7,2.4,1,78,20
359,0,4.0,2.0,1,80,20
360,0,4.4,2.1,1,447,16
361,0,3.1,1.8,1,368,3
362,0,2.1,1.5,1,488,3
363,0,18.6,4.3,1,118,4
364,0,6.4,2.5,1,48,5
365,0,8.9,3.0,1,402,7
366,0,9.4,3.1,1,35,5
367,0,4.0,2.0,1,79,16
368,0,4.1,2.0,1,308,16
369,0,2.7,1.6,1,489,3
370,0,2.2,1.5,1,87,3
371,0,4.1,2.0,1,87,3
372,0,4.7,2.2,1,86,14
373,0,3.8,1.9,1,174,5
374,0,2.8,1.7,1,174,5
375,0,2.1,1.5,1,178,5
376,0,2.0,1.4,1,447,16
377,0,3.1,1.8,1,190,16
378,0,1.1,1.1,1,190,16
379,0,1.3,1.1,1,259,16
380,0,1.8,1.3,1,259,16
381,0,2.0,1.4,1,263,16
382,0,1.3,1.1,1,263,16
383,0,1.7,1.3,1,178,5
384,0,1.7,1.3,1,243,5
385,0,2.0,1.4,1,177,5
386,0,2.4,1.5,1,239,20
387,0,6.0,2.5,1,239,20
388,0,1.6,1.2,1,191,16
389,0,3.2,1.8,1,186,16
390,0,1.7,1.3,1,308,16
391,0,1.6,1.3,1,189,16
392,0,1.7,1.3,1,455,16
393,0,1.5,1.2,1,455,16
394,0,1.9,1.4,1,331,10
395,0,1.6,1.3,1,331,10
396,0,3.0,1.7,1,315,10
397,0,2.2,1.5,1,306,10
398,0,2.9,1.7,1,367,10
399,0,1.6,1.2,1,195,1
400,0,2.1,1.5,1,367,10
401,0,2.0,1.4,1,367,10
402,0,2.4,1.5,1,293,10
403,0,1.1,1.0,1,293,10
404,0,1.0,1.0,1,358,9
405,0,1.3,1.1,1,365,9
406,0,1.6,1.3,1,368,3
407,0,1.0,1.0,1,368,3
408,0,1.3,1.2,1,374,3
409,0,1.4,1.2,1,488,3
410,0,1.6,1.2,1,489,3
411,0,10.2,3.2,1,66,5
412,0,3.6,1.9,1,76,17
413,0,2.2,1.5,1,184,3
414,0,28.8,5.4,1,389,4
415,0,20.1,4.5,1,400,17
416,0,7.2,2.7,1,73,4
417,0,8.3,2.9,1,169,7
418,0,2.6,1.6,1,198,3
419,0,4.6,2.1,1,56,5
420,0,4.1,2.0,1,56,5
421,0,5.0,2.2,1,133,7
422,0,4.5,2.1,1,133,7
423,0,5.0,2.2,1,41,7
424,0,10.0,3.2,1,184,3
425,0,6.8,2.6,1,66,5
426,0,2.8,1.7,1,174,5
427,0,1.7,1.3,1,174,5
428,0,2.0,1.4,1,178,5
429,0,1.5,1.2,1,178,5
430,0,1.5,1.2,1,177,5
431,0,1.8,1.3,1,177,5
432,0,1.5,1.2,1,176,5
433,0,2.1,1.4,1,176,5
434,0,1.9,1.4,1,175,16
435,0,13.6,3.7,1,82,16
436,0,1.3,1.1,1,196,10
437,0,1.6,1.3,1,182,10
438,0,1.6,1.3,1,179,16
439,0,1.3,1.2,1,179,16
440,0,1.4,1.2,1,190,16
441,0,1.2,1.1,1,180,16
442,0,1.3,1.2,1,190,16
443,0,1.8,1.3,1,180,16
444,0,2.0,1.4,1,181,16
445,0,1.4,1.2,1,181,16
446,0,3.0,1.7,1,76,17
447,0,0.9,0.9,1,76,17
448,0,1.5,1.2,1,181,16
449,0,1.3,1.1,1,186,16
450,0,1.4,1.2,1,186,16
451,0,1.5,1.2,1,186,16
452,0,13.5,3.7,1,186,16
453,0,6.6,2.6,1,187,16
454,0,2.0,1.4,1,322,16
455,0,13.1,3.6,1,413,14
456,0,4.1,2.0,1,173,14
457,0,1.6,1.3,1,189,16
458,0,1.8,1.3,1,193,16
459,0,1.7,1.3,1,193,16
460,0,1.9,1.4,1,192,10
461,0,1.6,1.3,1,192,10
462,0,2.1,1.5,1,188,10
463,0,1.4,1.2,1,188,10
464,0,15.4,3.9,1,315,10
465,0,2.3,1.5,1,185,10
466,0,3.0,1.7,1,196,10
467,0,2.2,1.5,1,196,10
468,0,1.1,1.1,1,194,1
469,0,1.3,1.2,1,194,1
470,0,1.7,1.3,1,194,1
471,0,1.4,1.2,1,195,1
472,0,1.7,1.3,1,197,3
473,0,2.5,1.6,1,197,3
474,0,1.0,1.0,1,199,3
475,0,1.5,1.2,1,199,3
476,0,1.4,1.2,1,198,3
477,0,4.5,2.1,1,183,14
478,0,2.9,1.7,1,173,14
479,0,2.8,1.7,1,75,17
480,0,2.6,1.6,1,162,7
481,0,1.8,1.4,1,169,7
482,0,1.3,1.1,1,169,7
483,0,2.1,1.5,1,169,7
484,0,1.9,1.4,1,56,5
485,0,2.1,1.4,1,56,5
486,0,2.2,1.5,1,133,7
487,0,2.0,1.4,1,133,7
488,0,1.8,1.3,1,179,16
489,0,2.0,1.4,1,189,16
490,0,1.6,1.3,1,189,16
491,0,3.7,1.9,1,174,5
492,0,2.3,1.5,1,220,5
493,0,2.5,1.6,1,244,5
494,0,2.0,1.4,1,244,5
495,0,2.0,1.4,1,177,5
496,0,1.4,1.2,1,179,16
497,0,1.3,1.1,1,180,16
498,0,1.3,1.1,1,180,16
499,0,2.0,1.4,1,180,16
500,0,2.2,1.5,1,181,16
501,0,1.5,1.2,1,181,16
502,0,1.6,1.3,1,191,16
503,0,1.7,1.3,1,193,16
504,0,1.5,1.2,1,193,16
505,0,1.9,1.4,1,192,10
506,0,1.6,1.3,1,192,10
507,0,2.2,1.5,1,188,10
508,0,1.4,1.2,1,188,10
509,0,2.3,1.5,1,242,5
510,0,2.0,1.4,1,176,5
511,0,2.7,1.6,1,238,5
512,0,1.6,1.3,1,191,16
513,0,1.6,1.2,1,186,16
514,0,2.5,1.6,1,184,3
515,0,2.6,1.6,1,185,10
516,0,3.3,1.8,1,196,10
517,0,2.5,1.6,1,196,10
518,0,2.9,1.7,1,183,14
519,0,1.4,1.2,1,196,10
520,0,1.2,1.1,1,182,10
521,0,2.3,1.5,1,194,1
522,0,2.1,1.4,1,194,1
523,0,2.8,1.7,1,195,1
524,0,2.2,1.5,1,495,3
525,0,1.9,1.4,1,182,10
526,0,8.1,2.8,1,74,17
527,0,9.3,3.1,1,73,4
528,0,2.2,1.5,1,162,7
529,0,2.0,1.4,1,55,7
530,0,6.2,2.5,1,20,17
531,0,1.9,1.4,1,158,22
532,0,1.5,1.2,1,162,7
533,0,0.9,0.9,1,163,7
534,0,2.2,1.5,1,163,7
535,0,1.8,1.3,1,55,7
536,0,2.3,1.5,1,132,7
537,0,2.7,1.6,1,495,3
538,0,3.4,1.8,1,363,18
539,0,6.6,2.6,1,66,5
540,0,2.8,1.7,1,220,5
541,0,1.7,1.3,1,220,5
542,0,1.9,1.4,1,244,5
543,0,1.6,1.3,1,244,5
544,0,1.5,1.2,1,242,5
545,0,2.7,1.6,1,75,17
546,0,1.8,1.3,1,242,5
547,0,1.5,1.2,1,238,5
548,0,1.9,1.4,1,238,5
549,0,5.0,2.2,1,424,5
550,0,1.2,1.1,1,255,16
551,0,3.2,1.8,1,326,16
552,0,1.1,1.1,1,326,16
553,0,1.2,1.1,1,326,16
554,0,1.8,1.3,1,260,16
555,0,2.0,1.4,1,264,16
556,0,1.4,1.2,1,264,16
557,0,1.6,1.2,1,327,16
558,0,3.0,1.7,1,327,16
559,0,9.8,3.1,1,11,17
560,0,1.5,1.2,1,448,16
561,0,4.5,2.1,1,187,16
562,0,2.2,1.5,1,325,16
563,0,1.7,1.3,1,325,16
564,0,2.7,1.6,1,132,7
565,0,5.9,2.4,1,41,7
566,0,2.0,1.4,1,338,16
567,0,1.8,1.3,1,338,16
568,0,2.0,1.4,1,334,10
569,0,1.8,1.3,1,334,10
570,0,2.5,1.6,1,464,10
571,0,6.6,2.6,1,255,16
572,0,2.6,1.6,1,255,16
573,0,1.1,1.0,1,280,1
574,0,1.3,1.1,1,357,1
575,0,1.0,1.0,1,360,1
576,0,1.3,1.1,1,360,1
577,0,2.6,1.6,1,361,1
578,0,1.2,1.1,1,361,1
579,0,1.8,1.4,1,300,18
580,0,3.0,1.7,1,300,18
581,0,3.3,1.8,1,469,18
582,0,2.0,1.4,1,448,16
583,0,6.7,2.6,1,448,16
584,0,1.9,1.4,1,363,18
585,0,2.2,1.5,1,362,18
586,0,10.1,3.2,1,464,10
587,0,3.5,1.9,1,469,18
588,0,10.5,3.2,1,173,14
589,0,5.3,2.3,1,173,14
590,0,6.3,2.5,1,196,10
591,0,4.9,2.2,1,196,10
592,0,3.2,1.8,1,196,10
593,0,1.8,1.3,1,159,22
594,0,1.7,1.3,1,158,22
595,0,1.7,1.3,1,162,7
596,0,0.8,0.9,1,163,7
597,0,0.8,0.9,1,163,7
598,0,2.1,1.5,1,170,7
599,0,2.0,1.4,1,55,7
600,0,1.7,1.3,1,55,7
601,0,9.2,3.0,1,72,5
602,0,2.0,1.4,1,132,7
603,0,2.3,1.5,1,134,7
604,0,5.1,2.3,1,465,10
605,0,6.4,2.5,1,280,1
606,0,19.1,4.4,1,73,4
607,0,11.1,3.3,1,116,17
608,0,1.4,1.2,1,255,16
609,0,1.1,1.1,1,452,16
610,0,1.3,1.1,1,261,16
611,0,1.4,1.2,1,264,16
612,0,1.6,1.2,1,328,16
613,0,1.3,1.1,1,327,16
614,0,1.9,1.4,1,309,16
615,0,6.9,2.6,1,498,17
616,0,3.3,1.8,1,220,5
617,0,2.4,1.5,1,220,5
618,0,2.5,1.6,1,244,5
619,0,2.0,1.4,1,244,5
620,0,2.1,1.5,1,242,5
621,0,1.8,1.4,1,238,5
622,0,2.6,1.6,1,238,5
623,0,1.7,1.3,1,309,16
624,0,2.3,1.5,1,255,16
625,0,1.1,1.0,1,341,1
626,0,0.8,0.9,1,360,1
627,0,1.2,1.1,1,342,1
628,0,1.2,1.1,1,342,1
629,0,1.5,1.2,1,361,1
630,0,2.3,1.5,1,325,16
631,0,2.0,1.4,1,325,16
632,0,2.2,1.5,1,338,16
633,0,1.3,1.1,1,362,18
634,0,1.1,1.0,1,297,18
635,0,2.0,1.4,1,338,16
636,0,2.3,1.5,1,334,10
637,0,2.0,1.4,1,334,10
638,0,2.7,1.6,1,464,10
639,0,4.3,2.1,1,464,10
640,0,6.8,2.6,1,20,17
641,0,3.4,1.8,1,300,18
642,0,3.7,1.9,1,469,18
643,0,5.5,2.3,1,403,22
644,0,1.5,1.2,1,159,22
645,0,1.5,1.2,1,164,7
646,0,0.7,0.9,1,170,7
647,0,0.7,0.9,1,170,7
648,0,1.9,1.4,1,170,7
649,0,1.8,1.3,1,57,7
650,0,1.6,1.3,1,57,7
651,0,9.8,3.1,1,469,18
652,0,32.5,5.7,1,485,18
653,0,1.9,1.4,1,134,7
654,0,7.5,2.7,1,42,7
655,0,3.0,1.7,1,343,1
656,0,5.9,2.4,1,255,16
657,0,1.4,1.2,1,256,16
658,0,2.8,1.7,1,326,16
659,0,1.2,1.1,1,256,16
660,0,0.9,1.0,1,261,16
661,0,1.1,1.0,1,261,16
662,0,1.2,1.1,1,261,16
663,0,1.2,1.1,1,265,16
664,0,1.3,1.1,1,265,16
665,0,1.2,1.1,1,327,16
666,0,1.3,1.1,1,309,16
667,0,1.4,1.2,1,448,16
668,0,5.7,2.4,1,448,16
669,0,7.7,2.8,1,465,10
670,0,2.9,1.7,1,343,1
671,0,5.9,2.4,1,277,1
672,0,1.1,1.0,1,357,1
673,0,0.9,0.9,1,342,1
674,0,1.2,1.1,1,360,1
675,0,1.1,1.1,1,342,1
676,0,1.4,1.2,1,361,1
677,0,3.1,1.8,1,346,1
678,0,3.2,1.8,1,364,18
679,0,10.6,3.3,1,68,7
680,0,2.1,1.5,1,215,7
681,0,2.2,1.5,1,232,7
682,0,1.8,1.3,1,232,7
683,0,4.1,2.0,1,231,7
684,0,1.9,1.4,1,231,7
685,0,3.9,2.0,1,363,18
686,0,1.2,1.1,1,481,18
687,0,1.0,1.0,1,484,18
688,0,1.7,1.3,1,230,5
689,0,7.9,2.8,1,228,5
690,0,7.0,2.7,1,314,16
691,0,1.6,1.3,1,324,16
692,0,1.8,1.3,1,337,16
693,0,1.7,1.3,1,337,16
694,0,1.9,1.4,1,333,16
695,0,1.6,1.3,1,333,16
696,0,2.2,1.5,1,316,16
697,0,9.4,3.1,1,316,16
698,0,0.6,0.8,1,262,8
699,0,0.6,0.8,1,265,16
700,0,1.3,1.2,1,265,16
701,0,0.4,0.7,1,310,16
702,0,1.6,1.3,1,309,16
703,0,1.7,1.3,1,31,22
704,0,3.0,1.7,1,159,22
705,0,1.4,1.2,1,159,22
706,0,1.3,1.1,1,165,7
707,0,3.5,1.9,1,58,7
708,0,3.4,1.8,1,58,7
709,0,3.2,1.8,1,42,7
710,0,3.7,1.9,1,257,16
711,0,4.7,2.2,1,329,8
712,0,5.8,2.4,1,343,1
713,0,2.2,1.5,1,277,1
714,0,3.4,1.9,1,347,1
715,0,3.9,2.0,1,342,1
716,0,0.9,0.9,1,350,1
717,0,2.5,1.6,1,344,1
718,0,1.5,1.2,1,345,18
719,0,2.4,1.6,1,479,18
720,0,2.4,1.5,1,297,18
721,0,1.8,1.3,1,215,7
722,0,1.9,1.4,1,232,7
723,0,1.7,1.3,1,231,7
724,0,1.4,1.2,1,230,5
725,0,0.6,0.8,1,257,16
726,0,1.1,1.0,1,215,7
727,0,3.3,1.8,1,231,7
728,0,1.4,1.2,1,324,16
729,0,1.6,1.3,1,337,16
730,0,1.5,1.2,1,337,16
731,0,1.7,1.3,1,333,16
732,0,1.6,1.3,1,160,22
733,0,1.6,1.3,1,165,7
734,0,2.0,1.4,1,409,7
735,0,1.9,1.4,1,58,7
736,0,4.2,2.0,1,58,7
737,0,1.8,1.3,1,333,16
738,0,0.9,1.0,1,171,7
739,0,1.4,1.2,1,262,8
740,0,0.9,1.0,1,266,16
741,0,1.5,1.2,1,330,16
742,0,1.2,1.1,1,330,16
743,0,1.6,1.2,1,310,16
744,0,1.6,1.3,1,262,8
745,0,2.8,1.7,1,310,16
746,0,1.3,1.1,1,347,1
747,0,1.1,1.0,1,468,1
748,0,1.4,1.2,1,348,1
749,0,1.4,1.2,1,348,1
750,0,1.7,1.3,1,286,1
751,0,1.5,1.2,1,287,18
752,0,1.2,1.1,1,484,18
753,0,2.0,1.4,1,258,8
754,0,8.0,2.8,1,349,1
755,0,5.7,2.4,1,31,22
756,0,1.6,1.3,1,161,7
757,0,1.5,1.2,1,160,22
758,0,1.5,1.2,1,166,7
759,0,1.9,1.4,1,409,7
760,0,1.8,1.3,1,59,7
761,0,1.6,1.3,1,59,7
762,0,1.9,1.4,1,136,7
763,0,1.8,1.3,1,136,7
764,0,7.0,2.7,1,44,7
765,0,4.2,2.1,1,69,7
766,0,2.8,1.7,1,216,7
767,0,2.6,1.6,1,235,7
768,0,2.1,1.4,1,235,7
769,0,2.0,1.4,1,234,7
770,0,2.3,1.5,1,234,7
771,0,2.0,1.4,1,233,5
772,0,1.8,1.3,1,216,7
773,0,1.9,1.4,1,339,8
774,0,1.7,1.3,1,329,8
775,0,8.3,2.9,1,432,18
776,0,0.9,1.0,1,462,16
777,0,1.5,1.2,1,330,16
778,0,1.2,1.1,1,330,16
779,0,1.6,1.2,1,311,16
780,0,6.5,2.6,1,457,16
781,0,2.5,1.6,1,323,16
782,0,2.0,1.4,1,323,16
783,0,2.2,1.5,1,336,16
784,0,2.1,1.4,1,336,16
785,0,2.3,1.5,1,332,16
786,0,5.9,2.4,1,433,1
787,0,1.0,1.0,1,283,1
788,0,5.2,2.3,1,458,16
789,0,0.7,0.8,1,282,1
790,0,1.0,1.0,1,282,1
791,0,1.2,1.1,1,286,1
792,0,5.0,2.2,1,350,1
793,0,4.1,2.0,1,295,1
794,0,4.8,2.2,1,351,1
795,0,10.0,3.2,1,394,17
796,0,1.1,1.0,1,282,1
797,0,1.1,1.0,1,287,18
798,0,0.9,0.9,1,268,18
799,0,3.2,1.8,1,233,5
800,0,5.1,2.3,1,257,16
801,0,6.7,2.6,1,224,5
802,0,1.4,1.2,1,310,16
803,0,3.1,1.7,1,311,16
804,0,9.2,3.0,1,18,17
805,0,2.1,1.4,1,161,7
806,0,2.0,1.4,1,161,7
807,0,2.0,1.4,1,437,0
808,0,1.9,1.4,1,166,7
809,0,2.3,1.5,1,409,7
810,0,2.8,1.7,1,166,7
811,0,2.5,1.6,1,409,7
812,0,2.4,1.5,1,59,7
813,0,2.1,1.4,1,59,7
814,0,2.6,1.6,1,130,7
815,0,2.3,1.5,1,136,7
816,0,2.5,1.6,1,216,7
817,0,3.3,1.8,1,437,0
818,0,1.6,1.3,1,216,7
819,0,5.1,2.3,1,235,7
820,0,1.8,1.3,1,233,5
821,0,2.8,1.7,1,233,5
822,0,2.0,1.4,1,323,16
823,0,1.6,1.3,1,323,16
824,0,1.8,1.3,1,336,16
825,0,1.6,1.3,1,336,16
826,0,1.9,1.4,1,332,16
827,0,2.5,1.6,1,290,18
828,0,2.6,1.6,1,258,8
829,0,3.7,1.9,1,461,8
830,0,2.5,1.6,1,461,8
831,0,2.9,1.7,1,460,8
832,0,2.2,1.5,1,258,8
833,0,3.0,1.7,1,149,16
834,0,1.2,1.1,1,462,16
835,0,2.1,1.5,1,155,16
836,0,1.8,1.3,1,155,16
837,0,1.9,1.4,1,439,16
838,0,0.9,1.0,1,311,16
839,0,3.8,1.9,1,311,16
840,0,3.0,1.7,1,146,7
841,0,3.0,1.7,1,69,7
842,0,0.6,0.7,1,217,7
843,0,4.4,2.1,1,217,7
844,0,0.5,0.7,1,145,5
845,0,3.6,1.9,1,224,5
846,0,4.3,2.1,1,457,16
847,0,0.7,0.9,1,446,11
848,0,1.8,1.3,1,336,16
849,0,7.0,2.7,1,154,16
850,0,5.9,2.4,1,153,16
851,0,0.8,0.9,1,456,11
852,0,6.8,2.6,1,468,1
853,0,9.4,3.1,1,105,17
854,0,6.7,2.6,1,120,17
855,0,2.8,1.7,1,470,1
856,0,3.4,1.9,1,156,1
857,0,3.6,1.9,1,156,1
858,0,3.8,1.9,1,290,18
859,0,2.9,1.7,1,157,18
860,0,3.9,2.0,1,120,17
861,0,4.9,2.2,1,15,17
862,0,7.7,2.8,1,32,22
863,0,6.6,2.6,1,137,7
864,0,1.7,1.3,1,137,7
865,0,1.7,1.3,1,138,7
866,0,2.3,1.5,1,268,18
867,0,0.9,0.9,1,138,7
868,0,1.0,1.0,1,138,7
869,0,2.1,1.5,1,139,7
870,0,2.1,1.5,1,53,7
871,0,1.9,1.4,1,53,7
872,0,2.3,1.5,1,130,7
873,0,6.5,2.6,1,437,0
874,0,9.6,3.1,1,437,0
875,0,14.2,3.8,1,44,7
876,0,1.8,1.3,1,473,1
877,0,1.4,1.2,1,473,1
878,0,2.1,1.4,1,471,1
879,0,9.5,3.1,1,44,7
880,0,1.4,1.2,1,137,7
881,0,1.4,1.2,1,138,7
882,0,0.7,0.8,1,138,7
883,0,0.8,0.9,1,139,7
884,0,1.8,1.3,1,139,7
885,0,1.8,1.3,1,53,7
886,0,1.6,1.3,1,53,7
887,0,2.0,1.4,1,130,7
888,0,0.8,0.9,1,217,7
889,0,2.2,1.5,1,473,1
890,0,3.3,1.8,1,471,1
891,0,1.8,1.3,1,145,5
892,0,2.3,1.5,1,144,8
893,0,0.8,0.9,1,143,7
894,0,2.7,1.6,1,70,7
895,0,1.0,1.0,1,143,7
896,0,3.5,1.9,1,217,7
897,0,1.1,1.0,1,147,8
898,0,3.1,1.8,1,461,8
899,0,3.9,2.0,1,155,16
900,0,0.6,0.8,1,439,16
901,0,2.2,1.5,1,446,11
902,0,1.5,1.2,1,456,11
903,0,3.7,1.9,1,154,16
904,0,14.6,3.8,1,105,17
905,0,4.9,2.2,1,106,17
906,0,4.2,2.1,1,120,17
907,0,4.7,2.2,1,121,17
908,0,5.8,2.4,1,15,17
909,0,6.1,2.5,1,137,7
910,0,11.5,3.4,1,156,1
911,0,1.0,1.0,1,25,7
912,0,2.3,1.5,1,140,7
913,0,2.2,1.5,1,140,7
914,0,2.1,1.5,1,141,7
915,0,1.1,1.0,1,141,7
916,0,1.2,1.1,1,141,7
917,0,2.2,1.5,1,54,7
918,0,2.4,1.5,1,131,7
919,0,8.4,2.9,1,130,7
920,0,2.7,1.6,1,142,7
921,0,2.6,1.6,1,54,7
922,0,2.8,1.7,1,131,7
923,0,4.0,2.0,1,70,7
924,0,9.1,3.0,1,148,8
925,0,4.9,2.2,1,146,7
926,0,1.9,1.4,1,145,5
927,0,2.7,1.7,1,145,5
928,0,10.9,3.3,1,154,16
929,0,12.6,3.5,1,473,1
930,0,22.2,4.7,1,471,1
931,0,8.9,3.0,1,155,16
932,0,1.2,1.1,1,65,7
933,0,8.7,2.9,1,461,8
934,0,8.4,2.9,1,439,16
935,0,15.2,3.9,1,446,11
936,0,10.0,3.2,1,147,8
937,0,2.2,1.5,1,140,7
938,0,2.8,1.7,1,140,7
939,0,2.1,1.4,1,141,7
940,0,1.0,1.0,1,141,7
941,0,1.2,1.1,1,142,7
942,0,2.5,1.6,1,142,7
943,0,2.4,1.5,1,54,7
944,0,3.1,1.7,1,54,7
945,0,2.7,1.6,1,131,7
946,0,6.3,2.5,1,144,8
947,0,18.5,4.3,1,150,7
948,0,5.7,2.4,1,477,1
949,0,11.7,3.4,1,106,17
950,0,4.9,2.2,1,121,17
951,0,5.3,2.3,1,16,17
952,0,1.1,1.1,1,24,17
953,0,7.3,2.7,1,26,7
954,0,2.0,1.4,1,125,17
955,0,2.0,1.4,1,126,7
956,0,1.0,1.0,1,126,7
957,0,1.2,1.1,1,127,7
958,0,2.5,1.6,1,127,7
959,0,2.5,1.6,1,52,7
960,0,5.4,2.3,1,124,7
961,0,3.7,1.9,1,39,7
962,0,2.2,1.5,1,64,7
963,0,2.6,1.6,1,128,7
964,0,2.8,1.7,1,128,7
965,0,1.5,1.2,1,129,8
966,0,2.4,1.5,1,39,7
967,0,3.1,1.8,1,64,7
968,0,3.5,1.9,1,128,7
969,0,6.2,2.5,1,52,7
970,0,7.9,2.8,1,52,7
971,0,10.8,3.3,1,125,17
972,0,26.9,5.2,1,443,0
973,0,16.1,4.0,1,379,6
974,0,15.1,3.9,1,441,0
975,0,25.9,5.1,1,379,6
976,0,6.2,2.5,1,441,0
977,0,13.4,3.7,1,384,15
978,0,7.6,2.8,1,441,0
979,0,16.1,4.0,1,384,15
980,0,4.5,2.1,1,414,15
981,0,12.7,3.6,1,441,0
982,0,8.8,3.0,1,414,15
983,0,10.6,3.3,1,33,15
984,0,8.1,2.9,1,415,8
985,0,7.2,2.7,1,45,15
986,0,3.6,1.9,1,415,8
987,0,6.3,2.5,1,415,8
988,0,2.5,1.6,1,415,8
989,0,7.9,2.8,1,45,15
990,0,7.3,2.7,1,414,15
991,0,6.5,2.5,1,387,7
992,0,9.0,3.0,1,415,8
993,0,6.9,2.6,1,45,15
994,0,25.2,5.0,1,486,13
995,0,7.4,2.7,1,214,8
996,0,7.1,2.7,1,301,0
997,0,12.1,3.5,1,214,8
998,0,2.8,1.7,1,214,8
999,0,8.3,2.9,1,47,8
1000,0,18.8,4.3,1,38,8
1001,0,10.3,3.2,1,373,13
1002,0,5.8,2.4,1,34,8
1003,0,10.1,3.2,1,305,13
1004,0,4.8,2.2,1,113,8
1005,0,6.3,2.5,1,113,8
1006,0,14.7,3.8,1,305,13
1007,0,3.3,1.8,1,416,8
1008,0,7.7,2.8,1,67,8
1009,0,4.9,2.2,1,34,8
1010,0,6.4,2.5,1,305,13
1011,0,8.7,3.0,1,416,8
1012,0,13.1,3.6,1,416,8
1013,0,19.4,4.4,1,63,8
1014,0,7.7,2.8,1,388,8
1015,0,8.6,2.9,1,305,13
1016,0,11.4,3.4,1,372,13
1017,0,3.1,1.8,1,304,13
1018,0,4.4,2.1,1,420,8
1019,0,20.1,4.5,1,385,8
1020,0,9.6,3.1,1,229,8
1021,0,8.8,3.0,1,388,8
1022,0,6.8,2.6,1,304,13
1023,0,3.8,2.0,1,222,8
1024,0,2.0,1.4,1,115,8
1025,0,5.6,2.4,1,61,8
1026,0,5.3,2.3,1,51,2
1027,0,9.5,3.1,1,371,13
1028,0,4.7,2.2,1,303,13
1029,0,10.8,3.3,1,303,13
1030,0,16.5,4.1,1,61,8
1031,0,9.9,3.2,1,396,2
1032,0,10.7,3.3,1,396,2
1033,0,12.7,3.6,1,397,2
1034,0,11.4,3.4,1,396,2
1035,0,16.9,4.1,1,397,2
1036,0,7.7,2.8,1,396,2
1037,0,13.8,3.7,1,397,2
1038,0,3.8,2.0,1,23,17
1039,0,0.8,0.9,1,171,7
1040,0,4.7,2.2,1,119,17
